"UID","Name","DOI","Citation","Rights","More Information","Data generalisations","Information withheld","Download limit","Number of Records in Download"
"dr690","Seasearch Marine Surveys in England","doi:10.15468/kywx6m","Seasearch ([Insert download year]). Seasearch Marine Surveys in England. Occurrence dataset on the NBN Atlas","Creative Commons with Attribution 4.0 (CC-BY) CC-BY","For more information: email info@seasearch.org.uk, or https://registry.nbnatlas.org/public/show/dr690","","","","38"
"dr492","Marine Nature Conservation Review (MNCR) and associated benthic marine data held and managed by English Nature","doi:10.15468/2vttzr","© Natural England copyright. Contains Ordnance Survey data © Crown copyright and database right [year]","Open Government Licence (OGL) OGL","For more information: email John.bedford@naturalengland.org.uk, or https://registry.nbnatlas.org/public/show/dr492","","","","3"
"dr883","Marine Nature Conservation Review (MNCR) and associated benthic marine data held and managed by JNCC","doi:10.15468/kcx3ca","Joint Nature Conservation Committee ([Insert download year]). Marine Nature Conservation Review (MNCR) and associated benthic marine data held and managed by JNCC. Occurrence dataset on the NBN Atlas","Open Government Licence (OGL) OGL","For more information:  https://registry.nbnatlas.org/public/show/dr883","","","","6"
"dr1258","2004-2012 Bishop et al. Occurrence of non-native sessile invertebrates on the English coast","doi:10.15468/t9edux","2004-2012 Bishop et al. Occurrence of non-native sessile invertebrates on the English coast by Marine Biological Association under licence CC BY.

Conditions of use of dataset: No marina names (if deduced) should be published without the marinas explicit consent. Cite: Bishop, JDD, Wood, CA, Yunnie, ALE, Griffiths, CA. (2015) Unheralded arrivals: non-native sessile invertebrates in marinas on the English coast. Aquatic Invasions, 10.","Creative Commons with Attribution 4.0 (CC-BY) CC-BY","For more information:  https://registry.nbnatlas.org/public/show/dr1258","","","","13"
"dr1236","National Trust Species Records","doi:10.15468/opc6g1","National Trust ([Insert download year]). National Trust Species Records. Occurrence dataset on the NBN Atlas","Creative Commons Zero v1.0 (CC0) CC0","For more information:  https://registry.nbnatlas.org/public/show/dr1236","","","","2"
"dp266","Natural History Museum, London","","Records provided by Natural History Museum, London, accessed through NBN Atlas website.","","For more information:  https://registry.nbnatlas.org/public/show/dp266","","","","11"
"dp267","iSpot","","Records provided by iSpot, accessed through NBN Atlas website.","","For more information:  https://registry.nbnatlas.org/public/show/dp267","","","","5"
"dr2701","iSpot British Isles observations","10.15468/uqdj62","iSpot ([Insert download year]). iSpot British Isles observations. Occurrence dataset on the NBN Atlas","Creative Commons, with Attribution, Non-commercial v4.0 (CC-BY-NC)","For more information:  https://registry.nbnatlas.org/public/show/dr2701","","","","5"
"dr827","England Non Native Species records 1965 to 2017","doi:10.15468/pdop0k","Environment Agency ([Insert download year]). England Non Native Species records 1965 to 2017. Occurrence dataset on the NBN Atlas","Open Government Licence (OGL) OGL","For more information: email marina.flamank@environment-agency.gov.uk, or https://registry.nbnatlas.org/public/show/dr827","","","","2"
"dp209","Kent Wildlife Trust","","Records provided by Kent Wildlife Trust, accessed through NBN Atlas website.","","For more information:  https://registry.nbnatlas.org/public/show/dp209","","","","73"
"dp128","The Wildlife Trusts","","Records provided by The Wildlife Trusts, accessed through NBN Atlas website.","","For more information:  https://registry.nbnatlas.org/public/show/dp128","","","","1"
"dp87","Joint Nature Conservation Committee","","Records provided by Joint Nature Conservation Committee, accessed through NBN Atlas website.","","For more information:  https://registry.nbnatlas.org/public/show/dp87","","","","6"
"dp83","Natural England","","Records provided by Natural England, accessed through NBN Atlas website.","","For more information:  https://registry.nbnatlas.org/public/show/dp83","","","","7"
"dp80","Marine Biological Association","","Records provided by Marine Biological Association, accessed through NBN Atlas website.","","For more information: email dassh.enquiries@mba.ac.uk, or https://registry.nbnatlas.org/public/show/dp80","","","","70"
"dr1186","Marine Data from The Wildlife Trusts (TWT) Dive Team; 2014-2018","doi:10.15468/aqr7zv","Marine Data from The Wildlife Trusts (TWT) Dive Team; 2014-2018","Creative Commons with Attribution 4.0 (CC-BY) CC-BY","For more information:  https://registry.nbnatlas.org/public/show/dr1186","","","","1"
"dr2556","1915-2016 Department for Environment Food & Rural Affairs (Defra), Marine Strategy Framework Directive (MSFD) Collation of invasive non-indigenous species - Version 2.3","https://doi.org/10.17031/f0vfo3","Department for Environment Food and Rural Affairs (Defra) (2018): 1915-2016 Department for Environment Food & Rural Affairs (Defra), Marine Strategy Framework Directive (MSFD) Collation of invasive non-indigenous species. v2.3. Marine Biological Association. Dataset/Samplingevent. https://doi.org/10.17031/f0vfo3","Creative Commons, with Attribution, Non-commercial v4.0 (CC-BY-NC)","For more information:  https://registry.nbnatlas.org/public/show/dr2556","","","","6"
"dr2677","Collection Specimens","https://doi.org/10.5519/0002965","Natural History Museum (2023). Data Portal query on 1 resources https://doi.org/10.5519/qd.i4tk4lrk","Creative Commons Zero v1.0 (CC0) CC0-1.0","For more information: email data@nhm.ac.uk, or https://registry.nbnatlas.org/public/show/dr2677","","","","11"
"dr2997","2001-2019 The Marine Biological Association of the UK (MBA) Shore Thing Survey","https://doi.org/10.17031/64d60541c7e53","Marine Biological Association ([Insert download year]). 2001-2019 The Marine Biological Association of the UK (MBA) Shore Thing Survey. Occurrence dataset on the NBN Atlas","Creative Commons with Attribution 4.0 (CC-BY)","For more information:  https://registry.nbnatlas.org/public/show/dr2997","","","","4"
"dr1204","DASSH Data Archive Centre volunteer sightings records","doi:10.15468/xwiw3h","DASSH Data Archive Centre volunteer sightings records by Marine Biological Association under licence CC BY.
Released under DASSH terms and conditions – See http://www.dassh.ac.uk/terms-and-conditions","Creative Commons with Attribution 4.0 (CC-BY) CC-BY","For more information:  https://registry.nbnatlas.org/public/show/dr1204","","","","2"
"dr1768","Biological survey of the intertidal chalk reefs between Folkestone Warren and Kingsdown, Kent 2009-2011","10.15468/opmkmp","Records provided by Biological survey of the intertidal chalk reefs between Folkestone Warren and Kingsdown, Kent 2009-2011, accessed through NBN Atlas website.","Creative Commons, with Attribution, Non-commercial v4.0 (CC-BY-NC)","For more information:  https://registry.nbnatlas.org/public/show/dr1768","","Full data are held in the national Marine Recorder database, both centrally with JNCC (public snapshot: http://jncc.defra.gov.uk/page-1599), and locally at Kent Wildlife Trust.  This contains further survey and habitat data relating to the species records. This survey has been written up into a comprehensive, illustrated report, including comparisons with previous intertidal surveys undertaken in the southern part of the survey area. (Spurrier, C.J.H., Chapman, B, and Tittley, I., 2012. Biological survey of the intertidal chalk reefs between Folkestone Warren and Kingsdown, Kent.  A research report for Natural England's Biodiversity Action Fund Programme Countdown 2010. Kent Wildlife Trust, Maidstone. 109pp. plus Appendices 1-10.) Further information, and electronic copies of the report and appendices are available from the marine team at Kent Wildlife Trust, via info@kentwildlife.org.uk and our website: www.kentwildlifetrust.org.uk.","","2"
"dr2613","Marine Recorder Snapshot extract of surveys entered by Sussex Wildlife Trust","","Records provided by Marine Recorder Snapshot extract of surveys entered by Sussex Wildlife Trust, accessed through NBN Atlas website.","Creative Commons with Attribution 4.0 (CC-BY)","For more information:  https://registry.nbnatlas.org/public/show/dr2613","","","","1"
"dr1767","Kent Wildlife Trust Shoresearch Intertidal Survey 2004 onwards","10.15468/zyxxue","Records provided by Kent Wildlife Trust Shoresearch Intertidal Survey 2004 onwards, accessed through NBN Atlas website.","Creative Commons, with Attribution, Non-commercial v4.0 (CC-BY-NC)","For more information:  https://registry.nbnatlas.org/public/show/dr1767","","Full data are held in the national Marine Recorder database, both centrally with JNCC (public snapshot: http://jncc.defra.gov.uk/page-1599), and locally at Kent Wildlife Trust.  This contains further survey and habitat data relating to the species records. Further information is available from the marine team at Kent Wildlife Trust, via info@kentwildlife.org.uk and our website: www.kentwildlifetrust.org.uk.","","71"
"dp119","Seasearch","","Records provided by Seasearch, accessed through NBN Atlas website.","","For more information:  https://registry.nbnatlas.org/public/show/dp119","","","","38"
"dr1429","Verified marine records from Indicia-based surveys","doi:10.15468/yfyeyg","Verified marine records from Indicia-based surveys by Marine Biological Association and Biological Records Centre under licence CC BY. Released under DASSH terms and conditions – See http://www.dassh.ac.uk/terms-and-conditions","Creative Commons with Attribution 4.0 (CC-BY) CC BY
      		Creative Commons Attribution","For more information:  https://registry.nbnatlas.org/public/show/dr1429","","","","44"
"dr815","Protected and Invasive Species Records Collected Through Environment Agency Survey 1995 - 2021","doi:10.15468/awfvnp","Environment Agency ([Insert year of upload]). Protected and Invasive Species Records Collected Through Environment Agency Survey 1995 - 2021. Occurrence dataset on the NBN Atlas","Open Government Licence (OGL) OGL","For more information: email marina.flamank@environment-agency.gov.uk, or https://registry.nbnatlas.org/public/show/dr815","","","","2"
"dp138","Environment Agency","","Records provided by Environment Agency, accessed through NBN Atlas website.","","For more information: email enquiries@environment-agency.gov.uk, or https://registry.nbnatlas.org/public/show/dp138","","","","4"
"dp116","National Trust","","Records provided by National Trust, accessed through NBN Atlas website.","","For more information:  https://registry.nbnatlas.org/public/show/dp116","","","","2"
"dr833","Natural England Marine Monitoring surveys","doi:10.15468/ysikg5","Natural England ([Insert download year]). Natural England Marine Monitoring surveys. Occurrence dataset on the NBN Atlas","Open Government Licence (OGL) OGL","For more information:  https://registry.nbnatlas.org/public/show/dr833","","","","4"
